url, description
https://github.com/geekychris/webhook_infra
https://github.com/geekychris/securevault
https://github.com/geekychris/git_webhook_k8_jobs_example
https://github.com/geekychris/lucene_viewer
https://github.com/geekychris/enterprise_social_platform
https://github.com/geekychris/structured-logger
https://github.com/geekychris/code_graph_search
https://github.com/geekychris/amiga_mcp
https://github.com/geekychris/pr_benchy
https://github.com/geekychris/gbdt_accelerated_ranker_framework
https://github.com/geekychris/feature_store
https://github.com/geekychris/cryptfs
https://github.com/geekychris/AOEE_Attribute_object_enterprise_edition
https://github.com/geekychris/history_viewer
https://github.com/geekychris/docmgmt
https://github.com/geekychris/datahub_local
https://github.com/geekychris/redis_monitoring
https://github.com/geekychris/client_sdk_generator
https://github.com/geekychris/distributed_web_crawler
https://github.com/geekychris/java_dns
https://github.com/geekychris/rust_rocks_2
https://github.com/geekychris/secure_paste
https://github.com/geekychris/kafka_broker_abstraction
https://github.com/geekychris/k8_opensearch
https://github.com/geekychris/jdbc_proxy
https://github.com/geekychris/react_product_search
https://github.com/geekychris/dart_network_scanner
https://github.com/geekychris/markdown_flutter
https://github.com/geekychris/rest_router
https://github.com/geekychris/webpage_scraper
https://github.com/geekychris/websocket_task_board
https://github.com/geekychris/godns
https://github.com/geekychris/gomqtt_server
https://github.com/geekychris/forums_service
https://github.com/geekychris/questionare_server
https://github.com/geekychris/eventbus
https://github.com/geekychris/sentiment_service
https://github.com/geekychris/jrocksserver
https://github.com/geekychris/featureflags
https://github.com/geekychris/kafkadatagenerator
https://github.com/geekychris/localspeechtotext
https://github.com/geekychris/remote_hid
https://github.com/geekychris/bunnylol
https://github.com/geekychris/swift_photo_viewer
https://github.com/geekychris/redis_intellij_plugin
https://github.com/geekychris/habitat_swift_homeassistant
https://github.com/geekychris/homeassistant_android_dash
https://github.com/geekychris/music_transcription
