key,sex
dinah,f
armida,f
cheri,f
reva,f
twana,f
herminia,f
chere,f
helga,f
marylin,f
jeannette,f
verda,f
myrtie,f
jeanie,f
marianela,f
jeannetta,f
barbar,f
jed,m
oleta,f
hedy,f
renetta,f
natisha,f
florida,f
jen,f
dionna,f
simona,f
tamica,f
myrtis,f
dionne,f
enoch,m
simone,f
manie,f
tenesha,f
taneka,f
marquis,m
rodrick,m
kimberley,f
agnus,f
chery,f
dawn,f
kasandra,f
graciela,f
torrie,f
merilyn,f
carline,f
kimberlee,f
rex,m
yvone,f
tomi,f
rey,m
hallie,f
greg,m
augustina,f
luther,m
willow,f
gricelda,f
nichelle,f
wynell,f
andria,f
randall,m
enedina,f
joie,f
bonny,f
myrtle,f
trudi,f
louvenia,f
toni,f
takako,f
rea,f
kimbra,f
keila,f
zona,f
meda,f
aline,f
tanna,f
colene,f
tona,f
alina,f
esta,f
florance,f
karlyn,f
hipolito,m
dylan,m
drusilla,f
marylee,f
katrice,f
kerri,f
echo,f
basil,m
joni,f
shanda,f
mandy,f
nelda,f
oswaldo,m
brittny,f
trudy,f
nichol,f
johnathan,m
michaele,f
georgene,f
michaela,f
brittni,f
rodrigo,m
manda,f
zola,f
garret,m
mandi,f
everett,m
vergie,f
corie,f
dexter,m
edelmira,f
latoyia,f
shelton,m
gertha,f
andree,f
vada,f
milissa,f
piedad,f
yukiko,f
vikki,f
erlene,f
shanel,f
keira,f
andres,m
idalia,f
eleanor,f
ezra,m
tori,f
marhta,f
shandi,f
jona,f
tora,f
narcisa,f
gertie,f
jone,f
royal,m
dina,f
jong,f
lilliana,f
ashely,f
yanira,f
rae,f
anika,f
tamiko,f
rigoberto,m
tania,f
kathyrn,f
dinorah,f
tobi,f
latonia,f
gaylord,m
willia,f
fredric,m
lauralee,f
bobette,f
jacki,f
dino,m
donella,f
rodger,m
keeley,f
thelma,f
willis,m
maximina,f
branda,f
sterling,m
emelia,f
robt,m
alida,f
brande,f
wilbur,m
ron,m
daphine,f
charisse,f
rob,m
tamika,f
charissa,f
rod,m
nelia,f
merlyn,f
tanner,m
tatiana,f
alice,f
muoi,f
glady,f
todd,m
malisa,f
joy,f
shanae,f
abdul,m
chiquita,f
brandy,f
alane,f
domitila,f
delpha,f
alana,f
freda,f
joi,f
angeline,f
stefany,f
angelina,f
aimee,f
brandi,f
stephan,m
isis,f
trula,f
foster,m
boyd,m
dirk,m
londa,f
lynnette,f
violeta,f
stefani,f
caroll,f
romaine,f
xenia,f
carola,f
carole,f
coleen,f
ivette,f
emelda,f
avril,f
glayds,f
pierre,m
spencer,m
jim,m
jin,f
anita,f
mckenzie,f
maybell,f
bradford,m
nella,f
barbera,f
weston,m
nelle,f
dessie,f
angelita,f
kayla,f
darell,m
laveta,f
nenita,f
annmarie,f
jacob,m
patria,f
nelly,f
herb,m
gaylene,f
nakita,f
margurite,f
marylouise,f
andra,f
meri,f
ryann,f
coral,f
twyla,f
roseanne,f
damon,m
babara,f
alica,f
blossom,f
jodi,f
lucrecia,f
rozella,f
roseanna,f
jeffry,m
caroyln,f
kimberlie,f
kaitlin,f
lavera,f
yolando,f
alyce,f
brook,f
derick,m
halley,f
cathrine,f
marivel,f
yolande,f
angele,f
tanja,f
yolanda,f
angela,f
nicolasa,f
ria,f
florrie,f
anisa,f
amber,f
hiroko,f
johana,f
odilia,f
lonny,m
maricruz,f
elliott,m
roseline,f
maureen,f
flor,f
arminda,f
lida,f
clorinda,f
floy,f
phyliss,f
imogene,f
ghislaine,f
shantelle,f
jorge,m
debby,f
meaghan,f
doretta,f
sylvia,f
cherryl,f
sylvie,f
warren,m
jonnie,f
debbi,f
marylyn,f
katelyn,f
albina,f
tangela,f
belkis,f
signe,f
sylvester,m
buddy,m
charley,m
eleni,f
earline,f
jenice,f
sharleen,f
moira,f
lien,f
elene,f
ivy,f
zachariah,m
meta,f
elena,f
rosalinda,f
jerilyn,f
lianne,f
rikki,f
adriana,f
joya,f
adriane,f
dawne,f
lonna,f
viva,f
iva,f
dawna,f
tyrell,m
shelley,f
lashaun,f
joye,f
joycelyn,f
amiee,f
cathern,f
arvilla,f
keshia,f
derek,m
cara,f
suzi,f
kayce,f
myrta,f
mabelle,f
jackelyn,f
ludie,f
earle,m
mellissa,f
vito,m
chia,f
ilona,f
iris,f
wilmer,m
casandra,f
cari,f
lurlene,f
vita,f
shanti,f
marjory,f
shante,f
nubia,f
lacey,f
lyda,f
wanetta,f
sirena,f
catherine,f
agustina,f
jeffie,f
augusta,f
luanna,f
phuong,f
suzy,f
nichole,f
shanta,f
amanda,f
luanne,f
tessa,f
joslyn,f
song,f
norbert,m
hulda,f
soledad,f
karlene,f
isa,f
genoveva,f
junie,f
sona,f
emmie,f
odis,m
mercy,f
corene,f
susannah,f
eulah,f
chin,f
truman,m
jacelyn,f
soon,f
sook,f
marcelino,m
irma,f
florine,f
britni,f
robena,f
marceline,f
domenic,m
hattie,f
marcelina,f
breana,f
caleb,m
betsey,f
lili,f
myron,m
jess,m
emely,f
lila,f
sal,m
chun,f
stanford,m
charla,f
blanch,f
clemmie,f
mirtha,f
valeria,f
kittie,f
blanca,f
gertrudis,f
valerie,f
ping,f
laraine,f
josh,m
gabrielle,f
shanon,f
gabriella,f
breann,f
tanya,f
antionette,f
latonya,f
sau,f
lorita,f
britany,f
jaclyn,f
chrissy,f
sanjuana,f
dwana,f
keren,f
junko,f
lakia,f
linn,f
shavon,f
tova,f
christi,f
lino,m
casimira,f
scarlet,f
kendrick,m
sharlene,f
catarina,f
christa,f
linh,f
ling,f
glendora,f
samara,f
lina,f
veronique,f
eryn,f
linsey,f
elfreda,f
christy,f
rodolfo,m
antone,m
lacie,f
charis,f
lauri,f
laure,f
jeri,f
olene,f
herlinda,f
sharolyn,f
ozie,f
romelia,f
lily,f
marylou,f
danyelle,f
antony,m
jere,m
malcolm,m
laura,f
elayne,f
elton,m
richie,m
sadie,f
romona,f
sherman,m
audra,f
minerva,f
myrle,f
jeane,f
izetta,f
rosemary,f
jeana,f
hilton,m
taunya,f
jeanna,f
birgit,f
tarsha,f
jeanne,f
zena,f
lyla,f
britta,f
roxanne,f
arnetta,f
lyle,m
roxanna,f
arnette,f
shemeka,f
audry,f
mavis,f
vanessa,f
dimple,f
golden,f
simonne,f
tesha,f
lilian,f
ying,f
shellie,f
caterina,f
susy,f
burton,m
emery,m
carlita,f
goldie,f
coreen,f
parker,m
jeanmarie,f
debra,f
cassandra,f
cristin,f
myrna,f
bonita,f
august,m
mirella,f
fermina,f
lazaro,m
jacquline,f
stephine,f
cristie,f
mamie,f
cami,f
karmen,f
sanford,m
kaitlyn,f
jeni,f
jene,f
lorine,f
leontine,f
launa,f
toya,f
lenora,f
cristine,f
rudolf,m
lorina,f
roxie,f
jena,f
cristina,f
lenore,f
danae,f
shanna,f
thresa,f
genevie,f
zachery,m
tennille,f
winfred,m
sha,f
dudley,m
gianna,f
enriqueta,f
kia,f
lavonna,f
tilda,f
aracelis,f
lavonne,f
annett,f
bernetta,f
dalia,f
collin,m
nannie,f
kip,m
cecilia,f
kit,f
pearlene,f
donita,f
tomeka,f
cristen,f
estela,f
maegan,f
isela,f
tammara,f
elliot,m
estell,f
eliseo,m
coralee,f
werner,m
prudence,f
daisey,f
rosendo,m
oren,m
brigida,f
elizabet,f
renate,f
marisa,f
rosenda,f
renata,f
jeniffer,f
takisha,f
rebecka,f
percy,m
cherrie,f
lorriane,f
fern,f
lelah,f
elicia,f
brigette,f
rufina,f
gretta,f
france,f
salina,f
sid,m
merna,f
mariela,f
marita,f
lashonda,f
albertine,f
afton,f
vivienne,f
katelin,f
lyndon,m
paige,f
shu,f
siu,f
albertina,f
letisha,f
renato,m
hannah,f
edna,f
drucilla,f
lessie,f
vanna,f
loraine,f
frieda,f
leanora,f
conception,f
erna,f
winnifred,f
dennise,f
cleveland,m
norah,f
ken,m
victoria,f
digna,f
lakisha,f
erma,f
magdalena,f
german,m
ligia,f
catrina,f
lavonia,f
gaynell,f
altagracia,f
cristal,f
geoffrey,m
cristy,f
crista,f
cecille,f
tyesha,f
cristi,f
silvana,f
awilda,f
carmelo,m
mellie,f
nita,f
merry,f
ruby,f
sonya,f
sherlyn,f
renae,f
doretha,f
elvera,f
carmela,f
francesco,m
rubi,f
khadijah,f
alpha,f
margarita,f
voncile,f
ophelia,f
vida,f
waltraud,f
lashunda,f
margarite,f
glennis,f
judson,m
shizue,f
reinaldo,m
brittani,f
rossie,f
shawanna,f
margarito,m
andy,m
eulalia,f
see,f
edyth,f
creola,f
merri,f
aleisha,f
brittany,f
rowena,f
francesca,f
audie,f
lyndia,f
vernetta,f
lucretia,f
lucas,m
willian,m
caridad,f
cher,f
chet,m
glennie,f
sherilyn,f
nina,f
windy,f
terri,f
hisako,f
vina,f
soo,f
bernardo,m
amina,f
agustin,m
terra,f
shanika,f
erik,m
tamala,f
lupita,f
marinda,f
thea,f
bernarda,f
melodee,f
debrah,f
sheridan,f
leticia,f
rebecca,f
basilia,f
perla,f
venita,f
zackary,m
wilhelmina,f
madelaine,f
tabatha,f
vernice,f
barry,m
hunter,m
shalonda,f
dannielle,f
jasper,m
annabell,f
chan,f
delois,f
chas,m
clotilde,f
collen,f
chau,f
tiffaney,f
jerlene,f
giselle,f
cyril,m
seth,m
criselda,f
teresita,f
chad,m
chae,f
kindra,f
caitlyn,f
libbie,f
joana,f
gennie,f
wade,m
ursula,f
joane,f
coralie,f
larraine,f
mireille,f
amira,f
reda,f
joann,f
lamar,m
denisha,f
melodie,f
alverta,f
rafael,m
madalyn,f
doreen,f
stepanie,f
kaycee,f
nila,f
steve,m
gillian,f
viki,f
shanice,f
corliss,f
antwan,m
cortney,f
lashawn,f
paulene,f
gaynelle,f
josue,m
vannessa,f
antonietta,f
dione,f
charlsie,f
toshia,f
tiffanie,f
niki,f
brendan,m
rebekah,f
aretha,f
harriet,f
sadye,f
dalila,f
antione,m
buster,m
cornelia,f
amalia,f
pamela,f
edra,f
reba,f
bryon,m
nadene,f
samantha,f
malika,f
marian,f
jettie,f
mattie,f
denyse,f
mariam,f
charline,f
lucie,f
mariah,f
cammy,f
lucia,f
bulah,f
loida,f
julienne,f
temeka,f
virgilio,m
latia,f
linwood,m
brain,m
jazmine,f
earnestine,f
amparo,f
naida,f
catrice,f
clarinda,f
vinita,f
wendie,f
isadora,f
maybelle,f
joaquina,f
kortney,f
reagan,f
rolande,f
denisse,f
helaine,f
rolanda,f
lucio,m
rachelle,f
tamara,f
adria,f
marlana,f
rolando,m
harris,m
siobhan,f
claris,f
lawanda,f
julissa,f
marica,f
elsie,f
agnes,f
josie,f
isabell,f
librada,f
tatum,f
barbra,f
jenniffer,f
claudine,f
hayley,f
reed,m
dolly,f
maxwell,m
byron,m
brynn,f
cristopher,m
titus,m
ardelia,f
millard,m
kiersten,f
isaiah,m
vivian,f
christoper,m
mellisa,f
elissa,f
bennett,m
debroah,f
sherrell,f
freeman,m
thad,m
portia,f
alycia,f
mariel,f
brady,m
davina,f
jarrett,m
ricky,m
yevette,f
mirna,f
katheleen,f
sherley,f
tennie,f
yasmin,f
cherise,f
camie,f
cherish,f
sherell,f
renna,f
merideth,f
lorelei,f
ricki,f
charlotte,f
kassie,f
hosea,m
isaias,m
jackeline,f
juliann,f
alessandra,f
elisabeth,f
frederick,m
yuette,f
juliane,f
delora,f
quiana,f
phylicia,f
frederica,f
pearl,f
maryam,f
thao,f
juliana,f
jerri,f
brice,m
anya,f
lorretta,f
sofia,f
ramonita,f
sue,f
margherita,f
angelika,f
valentina,f
jerica,f
suk,f
ruth,f
sun,f
kenisha,f
norris,m
fleta,f
karena,f
brianne,f
russ,m
elden,m
brianna,f
fabiola,f
kayleigh,f
dorene,f
vivien,f
vanita,f
raelene,f
reginia,f
reid,m
tai,f
jesenia,f
theodore,m
alphonso,m
theodora,f
lashawnda,f
alphonse,m
tad,m
dian,f
laverna,f
palmer,m
lawanna,f
dotty,f
haley,f
reginald,m
margrett,f
shauna,f
kay,f
renay,f
edie,f
shaquita,f
gisela,f
eugenie,f
bettie,f
mozell,f
cyrus,m
eugenia,f
gisele,f
kam,f
avis,f
kai,f
porter,m
delphine,f
meryl,f
giuseppina,f
ward,m
williemae,f
abigail,f
tam,f
america,f
vernita,f
mariko,f
rena,f
ethelene,f
tracee,f
susann,f
seema,f
renda,f
lizabeth,f
eden,f
davida,f
wilber,m
susana,f
barbie,f
mirta,f
eugenio,m
julius,m
greta,f
micheline,f
magdalene,f
nohemi,f
rema,f
brant,m
nannette,f
alysa,f
michelina,f
terrilyn,f
renee,f
enola,f
anja,f
maryln,f
crissy,f
lelia,f
yulanda,f
claud,m
celinda,f
renea,f
buena,f
chrystal,f
zora,f
clark,m
yvonne,f
maryjo,f
tammera,f
barrie,f
shawanda,f
ardella,f
reta,f
edda,f
jerald,m
alejandra,f
chauncey,m
danielle,f
ardelle,f
clara,f
caitlin,f
bryce,m
daniella,f
alyse,f
clare,f
philip,m
federico,m
marina,f
jolanda,f
whitley,f
dwight,m
monnie,f
samira,f
eddy,m
dwayne,m
dewayne,m
deann,f
marilu,f
wava,f
nathaniel,m
mathew,m
gerri,f
jammie,f
bryan,m
myrtice,f
abraham,m
sunni,f
indira,f
josef,m
oretha,f
maribeth,f
kareem,m
riley,m
kareen,f
nathanial,m
sheilah,f
lecia,f
bong,f
sunny,f
philomena,f
elenor,f
dick,m
rosemarie,f
deana,f
monique,f
felix,m
deane,f
bradly,m
marine,f
angelica,f
latasha,f
desire,f
keiko,f
beatrice,f
lorinda,f
annemarie,f
deeanna,f
adaline,f
manual,m
krysta,f
keturah,f
bronwyn,f
granville,m
eldon,m
anna,f
juanita,f
arnoldo,m
alejandro,m
anne,f
jeramy,m
trudie,f
sally,f
erasmo,m
klara,f
gladys,f
tena,f
carlyn,f
sarina,f
donette,f
antoine,m
winifred,f
arcelia,f
keva,f
porfirio,m
quentin,m
mickie,f
madalene,f
lyndsay,f
fermin,m
carmelita,f
cecelia,f
rupert,m
else,f
alonzo,m
elsa,f
lennie,f
cinderella,f
donetta,f
billi,f
sherie,f
myriam,f
pamelia,f
jesusita,f
ginette,f
salvador,m
anton,m
rozanne,f
nicola,f
petrina,f
elsy,f
chanelle,f
tracie,f
sandee,f
porsche,f
nathan,m
pamella,f
christina,f
dixie,f
tiffani,f
inocencia,f
jessenia,f
nicole,f
twila,f
melida,f
gwyn,f
tiffany,f
kurt,m
milagros,f
elva,f
han,f
rachal,f
agatha,f
bob,m
hai,m
coleman,m
jennine,f
hal,m
bok,f
lucius,m
rusty,m
letitia,f
keri,f
stewart,m
lyndsey,f
manuel,m
majorie,f
kera,f
sherwood,m
esmeralda,f
georgie,f
hae,f
maxie,f
aurelia,f
lakenya,f
ivelisse,f
janita,f
lyman,m
hortensia,f
imelda,f
aleshia,f
georgia,f
sherly,f
maple,f
loise,f
jaqueline,f
ilda,f
guillermo,m
clement,m
laquita,f
janise,f
adella,f
lizzie,f
charolette,f
demetra,f
yesenia,f
argentina,f
claire,f
olevia,f
paz,f
sandie,f
jeraldine,f
lauryn,f
brinda,f
adelia,f
suanne,f
sybil,f
aurelio,m
rosaura,f
jalisa,f
pam,f
sheila,f
wynona,f
marielle,f
alonso,m
candyce,f
nana,f
patience,f
mariella,f
ezequiel,m
elin,f
sherri,f
emilio,m
louisa,f
hee,f
louise,f
kena,f
lynell,f
euna,f
yahaira,f
alvera,f
kazuko,f
louann,f
eliz,f
talia,f
emilie,f
oralee,f
lance,m
emilia,f
claretha,f
gerda,f
herschel,m
merrie,f
zoraida,f
zoe,f
syble,f
rebbecca,f
ciera,f
kent,m
dorthy,f
mireya,f
tonya,f
norberto,m
carman,f
marylynn,f
lynwood,m
dortha,f
bao,f
arturo,m
lissette,f
carmelina,f
ramona,f
dalton,m
josephina,f
dacia,f
eula,f
elke,f
nellie,f
ella,f
danuta,f
eneida,f
bea,f
sheron,f
luvenia,f
elwanda,f
josephine,f
adelle,f
kirstie,f
fausto,m
zenaida,f
mikki,f
star,f
elli,f
refugia,f
kirstin,f
emeline,f
ileana,f
emelina,f
elma,f
fransisca,f
stan,m
shamika,f
maryrose,f
peg,f
elly,f
pei,f
aleida,f
misha,f
synthia,f
melonie,f
efren,m
janna,f
elmo,m
teresia,f
nikita,f
pricilla,f
conrad,m
khalilah,f
ulrike,f
oralia,f
giuseppe,m
elna,f
eleanora,f
maggie,f
kandi,f
thalia,f
addie,f
illa,f
eleanore,f
denice,f
micha,f
pattie,f
beatris,f
krishna,f
bee,f
hilde,f
beatriz,f
lamonica,f
camila,f
hilda,f
ben,m
katlyn,f
kandy,f
mikel,m
bev,f
jeanine,f
iliana,f
milford,m
eura,f
carmel,f
melina,f
deedee,f
raguel,f
micki,f
dovie,f
janine,f
tyra,f
melany,f
nadine,f
ileen,f
melissa,f
roger,m
janina,f
jannette,f
gussie,f
kathrin,f
eloy,m
melani,f
francisca,f
natalya,f
sindy,f
sandra,f
rashida,f
genevieve,f
madlyn,f
saundra,f
keli,f
pia,f
brigid,f
stuart,m
estella,f
solange,f
earl,m
shannan,f
estelle,f
sherry,f
abram,m
santana,f
tamar,f
delena,f
brandie,f
hyon,f
fannie,f
shavonne,f
raymon,m
racquel,f
theda,f
pok,f
shalon,f
ruben,m
gaye,f
missy,f
rosann,f
suellen,f
zoila,f
melisa,f
despina,f
yun,f
maryann,f
nida,f
babette,f
temple,f
janis,f
savannah,f
lorrine,f
dayle,f
nick,m
alfred,m
yuk,f
cindie,f
iesha,f
giovanna,f
anglea,f
beth,f
rosita,f
laurette,f
maritza,f
peggie,f
melita,f
merrilee,f
lauretta,f
hildegard,f
gavin,m
tambra,f
kenyatta,f
rosana,f
maudie,f
vance,m
giovanni,m
bess,f
saturnina,f
tricia,f
ronna,f
ronni,f
dayna,f
mariann,f
mariano,m
mariana,f
glynda,f
thora,f
bula,f
jerrod,m
porsha,f
ebonie,f
ronny,m
bert,m
ashli,f
simon,m
vanda,f
towanda,f
ashly,f
brandee,f
sharita,f
doug,m
hilma,f
janice,f
arnold,m
branden,m
buffy,f
sanjuanita,f
rubin,m
richelle,f
rubie,f
emilee,f
letha,f
latisha,f
tifany,f
burt,m
ignacia,f
clifford,m
laurice,f
maragret,f
bell,f
newton,m
carmon,f
janey,f
olimpia,f
herta,f
emmitt,m
lucien,m
ignacio,m
jerrie,f
janet,f
burl,m
teodora,f
ilse,f
marilyn,f
kathaleen,f
vesta,f
lamont,m
janie,f
ruthie,f
dori,f
jacque,f
chantelle,f
lashay,f
cordell,m
daysi,f
jacqui,f
elfrieda,f
abbie,f
ivana,f
quyen,f
yon,f
marline,f
ruthe,f
kizzie,f
loralee,f
rutha,f
emil,m
norma,f
sierra,f
elfriede,f
teodoro,m
patrina,f
emmaline,f
shanell,f
verline,f
laurine,f
nikole,f
reuben,m
cindi,f
tereasa,f
letty,f
shaunda,f
cinda,f
roderick,m
eleonor,f
valery,f
bethel,f
erinn,f
nada,f
candy,f
cindy,f
barrett,m
rosina,f
herbert,m
larhonda,f
abbey,f
valeri,f
elza,f
alberta,f
gretchen,f
candi,f
karissa,f
alberto,m
janay,f
slyvia,f
annelle,f
tonie,f
rachel,f
tonia,f
ronda,f
lavone,f
arlene,f
edison,m
noelia,f
lavona,f
estefana,f
rivka,f
iluminada,f
shaquana,f
bethanie,f
janee,f
romana,f
craig,m
lucile,f
pilar,f
janel,f
tonja,f
tabitha,f
lucila,f
sima,f
teressa,f
efrain,m
vannesa,f
deedra,f
guy,m
lashon,f
winona,f
azzie,f
gus,m
harlan,m
leonard,m
sarita,f
merissa,f
madelene,f
bud,m
sharika,f
onita,f
arlena,f
kelle,f
teisha,f
gaston,m
elroy,m
dillon,m
glinda,f
kelli,f
jule,f
clelia,f
inger,f
kiera,f
juli,f
tonda,f
clifton,m
lucina,f
noella,f
ester,f
christine,f
margret,f
maddie,f
eunice,f
divina,f
tommye,f
marilou,f
valene,f
elanor,f
brunilda,f
anette,f
preston,m
noelle,f
lavonda,f
sina,f
sheree,f
freida,f
eladia,f
jadwiga,f
venice,f
chadwick,m
glynis,f
mayola,f
kieth,m
jung,f
jarvis,m
june,f
pearle,f
ernest,m
israel,m
millicent,f
dedra,f
apolonia,f
hyun,f
misti,f
janae,f
tierra,f
mallie,f
soraya,f
misty,f
toney,m
harley,m
stephania,f
columbus,m
camellia,f
stephanie,f
maryellen,f
geraldo,m
pearly,f
mallory,f
luetta,f
maranda,f
tyson,m
detra,f
vania,f
kathline,f
pasty,f
izola,f
lori,f
magaly,f
shay,f
ian,m
mona,f
shan,f
leia,f
jeff,m
mitch,m
lora,f
luisa,f
leif,m
arleen,f
irmgard,f
lore,f
luise,f
adeline,f
magali,f
marilee,f
virgie,f
bebe,f
adelina,f
claudia,f
milda,f
esperanza,f
rosalva,f
gertude,f
evonne,f
luella,f
janiece,f
shoshana,f
michale,m
tawana,f
aja,f
alleen,f
miles,m
anastasia,f
treasa,f
ha,f
dede,f
pablo,m
gigi,f
christiana,f
rayna,f
johnsie,f
christiane,f
nicholas,m
melissia,f
kristofer,m
tawna,f
raisa,f
sage,f
floria,f
liane,f
gearldine,f
zina,f
liana,f
yee,f
ed,m
emerson,m
akilah,f
usha,f
ariane,f
elijah,m
jazmin,f
beau,m
tawny,f
lovetta,f
reita,f
fe,f
etta,f
frederic,m
yer,f
stanton,m
tamra,f
ngoc,f
shad,m
renita,f
shae,f
yen,f
lashanda,f
jonell,f
angeles,f
debi,f
henriette,f
arlean,f
benton,m
magda,f
lona,f
long,m
henrietta,f
thomasena,f
tammi,f
loni,f
nakisha,f
bo,m
demetrice,f
autumn,f
rueben,m
hilary,f
annetta,f
johanne,f
melanie,f
ann,f
yvette,f
jenell,f
johanna,f
melania,f
milan,m
anh,f
ariana,f
loma,f
niesha,f
margorie,f
opal,f
lourie,f
kallie,f
shavonda,f
kimiko,f
magen,f
ana,f
sade,f
rafaela,f
katharine,f
amy,f
joaquin,m
katharina,f
zita,f
mandie,f
clarice,f
roman,m
lena,f
andreas,m
louanne,f
angelia,f
angelic,f
ami,f
lizette,f
elyse,f
lola,f
carlton,m
kristian,f
talitha,f
gala,f
darrin,m
cierra,f
aiko,f
genaro,m
rubye,f
lavinia,f
charlyn,f
judy,f
wilford,m
melva,f
margart,f
diego,m
margot,f
sachiko,f
houston,m
maribel,f
selina,f
annette,f
judi,f
anneliese,f
raina,f
mayme,f
al,m
ai,f
colleen,f
shea,f
an,f
yan,f
eileen,f
hershel,m
lela,f
ida,f
tammy,f
aundrea,f
rebbeca,f
marvella,f
lynda,f
nu,f
irvin,m
edwin,m
daphne,f
hellen,f
abe,m
trang,f
adell,f
sabra,f
alexia,f
melvina,f
delmer,m
gonzalo,m
tamie,f
dena,f
kylee,f
milly,f
ok,f
retta,f
versie,f
lovella,f
dell,f
lera,f
allena,f
eleonore,f
wendi,f
loyd,m
eleonora,f
cliff,m
monty,m
setsuko,f
colin,m
donn,m
allene,f
theola,f
reina,f
florinda,f
adela,f
angella,f
wendy,f
pa,f
rodney,m
geraldine,f
adele,f
noreen,f
jacquiline,f
sherril,f
johna,f
jennie,f
tessie,f
darrel,m
devorah,f
darren,m
lu,f
magan,f
catheryn,f
britney,f
cornelius,m
ma,f
dora,f
sherrie,f
dorcas,f
mi,f
vasiliki,f
annabelle,f
luciano,m
anastacia,f
nyla,f
tressa,f
my,f
luciana,f
neely,f
peggy,f
na,f
wayne,m
adena,f
shalanda,f
nicholle,f
regine,f
terese,f
yael,f
bernadette,f
lovie,f
regina,f
teresa,f
benjamin,m
delmar,m
reiko,f
jo,f
love,f
deja,f
gracia,f
ina,f
sherron,f
lanita,f
mora,f
ka,f
gidget,f
noble,m
gracie,f
virgen,f
cesar,m
lynna,f
calandra,f
jennefer,f
adelaide,f
levi,m
omega,f
elenora,f
lynne,f
elenore,f
mose,m
li,f
catherina,f
le,f
adelaida,f
douglas,m
rosamaria,f
carley,f
rosalyn,f
lesa,f
moon,f
valorie,f
kathryne,f
hiedi,f
roxann,f
katharyn,f
ardell,f
jenifer,f
natosha,f
monte,m
shanelle,f
ike,m
carlee,f
derrick,m
ila,f
jacqulyn,f
dona,f
diamond,f
cletus,m
shawnta,f
aida,f
leta,f
zaida,f
nicolle,f
in,f
aide,f
darleen,f
lory,f
ada,f
jc,m
ima,f
roxane,f
cris,f
roxana,f
sheba,f
ji,f
claudio,m
garrett,m
soila,f
violet,f
deangelo,m
claudie,f
tempie,f
eilene,f
roscoe,m
robbyn,f
ja,f
eliana,f
lesia,f
leopoldo,m
florentina,f
kermit,m
debera,f
walton,m
otelia,f
lawana,f
gerardo,m
hanna,f
trina,f
elda,f
essie,f
clint,m
virginia,f
lajuana,f
migdalia,f
raeann,f
aliza,f
meghann,f
bernardine,f
berenice,f
lesha,f
clarine,f
yang,f
jayson,m
alethea,f
nigel,m
sophie,f
bernardina,f
wm,m
tiana,f
trinh,f
loan,f
cherilyn,f
grace,f
rudolph,m
malcom,m
rosalee,f
bambi,f
sophia,f
johnathon,m
emanuel,m
lisandra,f
pura,f
donny,m
donna,f
vi,f
hoa,f
della,f
socorro,f
ocie,f
marcellus,m
mckinley,m
elba,f
rosalba,f
delma,f
myong,f
melia,f
janetta,f
shemika,f
grady,m
janette,f
rosalina,f
gwenda,f
kristina,f
rosaline,f
tandy,f
un,f
kristine,f
tyron,m
rosalind,f
ty,m
kaleigh,f
shaniqua,f
tu,f
dannette,f
delmy,f
carlie,f
kiley,f
hui,f
hue,f
elia,f
irving,m
luigi,m
donte,m
carmelia,f
clarita,f
winnie,f
calista,f
ta,f
tajuana,f
kirsten,f
su,f
fiona,f
kourtney,f
vanetta,f
fredricka,f
leesa,f
tiara,f
tuyet,f
so,f
jonathan,m
eloise,f
ilene,f
etsuko,f
tonette,f
shawnna,f
lanie,f
kylie,f
nedra,f
melba,f
kennith,m
clarisa,f
miesha,f
retha,f
laurie,f
eloisa,f
pauletta,f
darryl,m
hans,m
katrina,f
jamee,f
hank,m
nereida,f
dodie,f
hang,f
paulette,f
xiomara,f
hanh,f
jamel,m
liberty,f
georgette,f
shasta,f
hana,f
georgetta,f
prince,m
viviana,f
georgeanna,f
waneta,f
delia,f
keesha,f
blythe,f
melda,f
clemente,m
angelyn,f
traci,f
iraida,f
lindsy,f
sudie,f
joline,f
etha,f
yasuko,f
florentino,m
carmella,f
margit,f
romeo,m
mitzi,f
darrick,m
tess,f
ingrid,f
ashleigh,f
kimber,f
lenna,f
nicolas,m
kyung,f
lucienne,f
kecia,f
suzann,f
hye,f
margie,f
janelle,f
nettie,f
shela,f
page,f
janella,f
ara,f
cheryle,f
hyo,f
cheryll,f
rachael,f
verna,f
horace,m
hayden,m
lenny,m
lois,f
monet,f
mariette,f
tamisha,f
michiko,f
lavon,f
alisa,f
zenia,f
art,m
delta,f
jamar,m
marietta,f
haydee,f
eldridge,m
asa,m
jamal,m
darlena,f
griselda,f
wilhemina,f
laurel,f
darlene,f
helen,f
alise,f
mayra,f
shin,f
nova,f
hwa,f
gina,f
jasmine,f
shena,f
dorothea,f
catherin,f
leena,f
ettie,f
bunny,f
edgar,m
tressie,f
gino,m
orpha,f
barton,m
owen,m
stanley,m
sherryl,f
cira,f
adrienne,f
stephnie,f
julianna,f
walker,m
sasha,f
sueann,f
julianne,f
genevive,f
shon,m
ava,f
marget,f
gita,f
alishia,f
natalia,f
celestina,f
natalie,f
celestine,f
shawnda,f
rosalie,f
rasheeda,f
contessa,f
rosalia,f
lorilee,f
maryland,f
darron,m
joellen,f
francoise,f
crysta,f
ludivina,f
tandra,f
luann,f
chastity,f
sacha,f
dyan,f
terrance,m
shawnee,f
lizbeth,f
lakeisha,f
alethia,f
gertrude,f
luana,f
timmy,m
gabriele,f
lauran,f
benny,m
lesli,f
marchelle,f
gabriela,f
gudrun,f
elizbeth,f
jeneva,f
shakia,f
faviola,f
shery,f
alita,f
tomas,m
demetria,f
hyman,m
trish,f
collene,f
kelvin,m
flavia,f
arletha,f
sheri,f
merlin,m
denise,f
svetlana,f
verla,f
laronda,f
masako,f
deandrea,f
shera,f
farrah,f
donya,f
cayla,f
kanesha,f
lanny,m
robbin,f
errol,m
kesha,f
teri,f
yu,f
natacha,f
tera,f
denita,f
manuela,f
loura,f
yi,f
celena,f
oliva,f
lorna,f
isaura,f
kellye,f
kori,f
jeanette,f
bryanna,f
wenona,f
margy,f
vennie,f
everette,m
jeanetta,f
chance,m
viola,f
olive,f
andera,f
shelia,f
yoshiko,f
gloria,f
rolf,m
carlene,f
carlena,f
nga,f
margo,f
kenny,m
mertie,f
marie,f
maryjane,f
elana,f
nerissa,f
raul,m
theresia,f
jacquetta,f
palma,f
sharyn,f
sharyl,f
hermina,f
madelyn,f
kory,m
kayleen,f
jamaal,m
kenna,f
bridgett,f
calvin,m
arlinda,f
caprice,f
nguyet,f
elane,f
hermine,f
keely,f
chanel,f
florencio,m
saran,f
nola,f
kristan,f
xavier,m
jaye,f
delbert,m
melynda,f
raye,f
kristal,f
macy,f
sarai,f
maren,f
elina,f
sarah,f
linette,f
florencia,f
miguelina,f
ned,m
jeremiah,m
warner,m
omar,m
marge,f
lashandra,f
keena,f
tawanna,f
sherill,f
eldora,f
carylon,f
farah,f
mabel,f
leda,f
antonette,f
florence,f
hermila,f
marisol,f
antonetta,f
zelda,f
chanda,f
damian,m
elouise,f
silas,m
marcy,f
allyn,f
garnet,f
tynisha,f
charlott,f
lorri,f
marcelene,f
georgina,f
malvina,f
lillia,f
clarissa,f
marci,f
krista,f
samual,m
marco,m
georgine,f
luba,f
twanna,f
ossie,f
marisha,f
krissy,f
lillie,f
fay,f
vertie,f
matilde,f
corine,f
matilda,f
lucy,f
toshiko,f
pennie,f
crystle,f
lavelle,f
natasha,f
corina,f
lean,f
sherika,f
fae,f
leah,f
luci,f
arica,f
glenda,f
carson,m
asha,f
brenda,f
nam,f
nan,f
ashlie,f
tarra,f
ailene,f
latrice,f
vincent,m
obdulia,f
olympia,f
naoma,f
glen,m
rona,f
ayesha,f
erline,f
classie,f
naomi,f
asia,f
kristel,f
anibal,m
roni,f
enrique,m
kristen,f
emerita,f
solomon,m
latosha,f
natashia,f
willetta,f
destiny,f
leandro,m
noemi,f
roma,f
clementine,f
jovita,f
malena,f
tashia,f
willette,f
pasquale,m
clementina,f
leandra,f
georgann,f
maia,f
eustolia,f
petronila,f
elida,f
stefan,m
edris,f
brock,m
evangeline,f
daisy,f
katerine,f
zulma,f
joyce,f
honey,f
linnie,f
ardath,f
belva,f
marlyn,f
nora,f
evangelina,f
trinity,f
rana,f
marlys,f
fonda,f
rosy,f
debora,f
deloras,f
ross,m
shelba,f
tawanda,f
jonathon,m
georgiann,f
rose,f
kaylene,f
rosa,f
taryn,f
shakira,f
yaeko,f
georgiana,f
mafalda,f
dorris,f
sherita,f
kenia,f
phil,m
mable,f
franklin,m
yetta,f
twanda,f
krysten,f
zelma,f
aleen,f
fidel,m
zada,f
jesusa,f
marni,f
lashell,f
deadra,f
marna,f
jennette,f
september,f
carolee,f
alayna,f
lorean,f
angelena,f
kristy,f
laticia,f
faith,f
stefania,f
leland,m
shantell,f
stefanie,f
kaley,f
zella,f
talisha,f
sebastian,m
alejandrina,f
ulysses,m
shakita,f
kristi,f
lavina,f
hobert,m
libby,f
denna,f
zack,m
loree,f
rogelio,m
darius,m
emily,f
camille,f
daron,m
linnea,f
penni,f
rosetta,f
roxy,f
rosette,f
camilla,f
galina,f
marla,f
forrest,m
nona,f
january,f
delaine,f
nelson,m
wilfred,m
jamika,f
jonas,m
cornell,m
marlo,f
lilia,f
dakota,f
mazie,f
sibyl,f
sherise,f
beata,f
jefferson,m
madonna,f
jonah,m
barbara,f
alaine,f
daine,f
skye,f
eusebia,f
hildred,f
noma,f
reynalda,f
cleotilde,f
reynaldo,m
justina,f
penny,f
dulce,f
mack,m
alaina,f
emmanuel,m
justine,f
isabel,f
vashti,f
lachelle,f
marin,f
sumiko,f
elias,m
krystal,f
dewitt,m
daina,f
aileen,f
tanesha,f
eusebio,m
boris,m
maris,f
lorenza,f
carolin,f
major,m
marissa,f
lorenzo,m
damien,m
cythia,f
loris,f
hubert,m
lucilla,f
ehtel,f
lucille,f
cheree,f
maricela,f
lisette,f
jacquelyn,f
chandra,f
francene,f
lorie,f
harriette,f
jamila,f
loria,f
norene,f
velvet,f
omer,m
corazon,f
janessa,f
maurita,f
catalina,f
wendolyn,f
lowell,m
charmaine,f
jacklyn,f
hillary,f
ozella,f
altha,f
sherlene,f
magaret,f
louetta,f
jake,m
felisa,f
sharie,f
eun,f
beula,f
tanisha,f
douglass,m
hien,f
denis,m
nancee,f
eve,f
corrinne,f
monica,f
nisha,f
eva,f
marcel,m
krystle,f
chase,m
ofelia,f
hyacinth,f
benedict,m
tanika,f
maryetta,f
esteban,m
nancey,f
denver,m
flossie,f
maud,f
beckie,f
bridget,f
jeffery,m
hsiu,f
carter,m
darla,f
valda,f
kanisha,f
marlon,m
chara,f
matt,m
dierdre,f
shirlene,f
ayanna,f
teena,f
jacqualine,f
earlene,f
catharine,f
trista,f
ninfa,f
phebe,f
ewa,f
fatima,f
nickole,f
erminia,f
randi,f
sharda,f
wilfredo,m
felipa,f
fairy,f
jonie,f
veta,f
ching,f
ranee,f
felipe,m
monserrate,f
leroy,m
china,f
britteny,f
grover,m
sharee,f
eugena,f
forest,m
sharen,f
dottie,f
madison,f
emiko,f
bobbi,f
bernadine,f
billye,f
emile,m
alden,m
randa,f
lanora,f
florene,f
jenette,f
maurine,f
ammie,f
nancie,f
kenda,f
era,f
marcie,f
daria,f
venetta,f
jared,m
loriann,f
carletta,f
candra,f
maye,f
vera,f
precious,f
felisha,f
darin,m
drema,f
dario,m
ramiro,m
chana,f
nestor,m
ranae,f
rashad,m
vern,m
loreen,f
vicente,m
beverly,f
vicenta,f
celia,f
eliza,f
maya,f
damion,m
dewey,m
chantell,f
azalee,f
lashaunda,f
marcia,f
krystin,f
lawerence,m
ashlyn,f
lashawna,f
tonisha,f
rhoda,f
phoebe,f
loreta,f
franchesca,f
archie,m
darci,f
tamatha,f
xiao,f
jonna,f
pamala,f
anjelica,f
maryalice,f
marguerita,f
annis,f
darby,f
adalberto,m
jasmin,f
milo,m
earleen,f
hannelore,f
faustina,f
myra,f
latoya,f
faustino,m
ela,f
marcos,m
mila,f
golda,f
inga,f
eli,m
sharri,f
beulah,f
makeda,f
noah,m
noe,m
alton,m
phung,f
penney,f
myrl,f
mana,f
denae,f
lakendra,f
kalyn,f
waylon,m
many,f
ines,f
gwendolyn,f
shiela,f
kristle,f
celeste,f
mimi,f
starr,f
inez,f
celesta,f
candice,f
ema,f
beaulah,f
taisha,f
tyree,m
gwyneth,f
inell,f
samatha,f
helena,f
daren,m
helene,f
mina,f
katheryn,f
patti,f
glenna,f
ngan,f
kristie,f
tasia,f
anitra,f
sharilyn,f
kisha,f
tobie,f
patsy,f
carleen,f
yuriko,f
ming,f
ena,f
wonda,f
hortencia,f
kristin,f
inge,f
tonita,f
cinthia,f
laquanda,f
shirlee,f
roberta,f
vena,f
pearlie,f
darcy,f
tasha,f
tequila,f
jerrica,f
patty,f
charlette,f
latoria,f
weldon,m
annie,f
sherice,f
ferne,f
sharon,f
zane,m
zana,f
sebrina,f
starla,f
tenisha,f
layla,f
quincy,m
orville,m
vonda,f
marc,m
salley,f
mara,f
toccara,f
mari,f
marg,f
miyoko,f
serena,f
candie,f
madeleine,f
candis,f
deirdre,f
marx,f
cassaundra,f
janyce,f
jane,f
lorene,f
elise,f
jacquelin,f
terica,f
charlesetta,f
jana,f
lorena,f
elisa,f
irene,f
sallie,f
mira,f
cyrstal,f
danille,f
maryanna,f
candida,f
layne,f
maryanne,f
irena,f
jann,f
vallie,f
jani,f
breanna,f
carolyn,f
aletha,f
jama,f
sharla,f
nia,f
breanne,f
athena,f
zachary,m
miss,f
jami,f
marguerite,f
neomi,f
tomiko,f
kandra,f
dominic,m
nilsa,f
randee,f
grazyna,f
tomika,f
neoma,f
erick,m
abel,m
tegan,f
sara,f
erich,m
riva,f
julene,f
leonel,m
buford,m
jacquelyne,f
gil,m
cassey,f
asuncion,f
marvel,f
heike,f
cheryl,f
donnell,m
sharmaine,f
temika,f
kiyoko,f
sharron,f
milagro,f
gia,f
mozelle,f
chuck,m
rosanne,f
dominga,f
mozella,f
domingo,m
rosanna,f
novella,f
jacquelynn,f
kendra,f
deanna,f
dollie,f
felice,f
keitha,f
deanne,f
ruthanne,f
felica,f
wes,m
sulema,f
shiloh,f
barney,m
herma,f
wen,f
tomoko,f
dianna,f
russel,m
erica,f
sana,f
jarod,m
waldo,m
wei,f
violette,f
suzan,f
jaleesa,f
desiree,f
dianne,f
kyong,f
paula,f
celsa,f
charlena,f
charlene,f
lynelle,f
johnson,m
evelin,f
julieann,f
verlie,f
monroe,m
miki,f
annalisa,f
nelida,f
randal,m
margareta,f
elwood,m
evelia,f
mika,f
margarete,f
mauricio,m
hermelinda,f
cassie,f
roseann,f
delorse,f
valarie,f
blondell,f
magnolia,f
clora,f
emmy,f
abby,f
deandra,f
roland,m
remona,f
nicolette,f
maida,f
dusti,f
deandre,m
edith,f
lloyd,m
dorathy,f
filiberto,m
margarett,f
chanell,f
neal,m
vincenza,f
oda,f
marvin,m
evon,f
deloise,f
vincenzo,m
marnie,f
normand,m
veda,f
emma,f
alease,f
elease,f
filomena,f
fumiko,f
doyle,m
sergio,m
hertha,f
earlean,f
rosena,f
meridith,f
desirae,f
amberly,f
susie,f
neda,f
jospeh,m
ezekiel,m
palmira,f
yasmine,f
arnita,f
dorine,f
camelia,f
isaac,m
shirleen,f
natividad,f
rolland,m
mignon,f
dung,f
aurea,f
yelena,f
edgardo,m
bette,f
velva,f
kathi,f
valrie,f
emerald,f
kathe,f
jenelle,f
shaneka,f
rima,f
charleen,f
betty,f
heath,m
curt,m
carmina,f
kathy,f
josefine,f
carmine,m
arla,f
cyndy,f
allan,m
nena,f
kandice,f
caroline,f
roosevelt,m
monika,f
katherin,f
katie,f
carolina,f
anabel,f
nevada,f
callie,f
gay,f
floretta,f
katia,f
rina,f
josefina,f
sharice,f
sharan,f
kiara,f
kandace,f
jenae,f
coretta,f
danette,f
arie,f
carolann,f
fallon,f
cyndi,f
tomasa,f
emory,m
jackson,m
buck,m
arlyne,f
silva,f
antonina,f
assunta,f
carrie,f
karrie,f
wally,m
jermaine,m
marilynn,f
bernita,f
adriene,f
erika,f
herman,m
betsy,f
tayna,f
charmain,f
armandina,f
suzie,f
onie,f
nolan,m
mica,f
ashanti,f
neil,m
patrice,f
aron,m
patrica,f
saul,m
maile,f
parthenia,f
quintin,m
terrence,m
deena,f
staci,f
ashton,f
delsie,f
rhonda,f
wan,f
heide,f
ozell,f
alicia,f
earnest,m
clinton,m
wilburn,m
mechelle,f
liliana,f
carolynn,f
risa,f
rhona,f
ivonne,f
heidi,f
marybeth,f
morton,m
verena,f
morris,m
bruce,m
chieko,f
katelynn,f
susan,f
jessia,f
carolyne,f
heidy,f
nancy,f
octavio,m
delana,f
rickey,m
agripina,f
mason,m
karren,f
rita,f
octavia,f
wai,f
grayce,f
sari,f
nell,f
nanci,f
gertrud,f
garland,m
bruna,f
kattie,f
vickey,f
stella,f
ladonna,f
meredith,f
arron,m
lura,f
tamera,f
neva,f
karina,f
danelle,f
karine,f
chante,f
berneice,f
cherie,f
hassan,m
jaimie,f
latrina,f
tuan,m
bella,f
larissa,f
santina,f
ernesto,m
muriel,f
francie,f
leonida,f
harrison,m
vanesa,f
agueda,f
marva,f
raymundo,m
pearline,f
enda,f
bruno,m
alexandria,f
samella,f
sherrill,f
jeanene,f
moises,m
quinton,m
gwen,f
chantel,f
marya,f
clayton,m
maira,f
molly,f
belle,f
kitty,f
lisha,f
huong,f
maire,f
marcelle,f
ellena,f
marcella,f
ginger,f
hildegarde,f
deloris,f
paulita,f
shaunte,f
angle,f
javier,m
shaunta,f
bianca,f
kendal,f
genie,f
angla,f
eveline,f
cedrick,m
vernell,f
genia,f
edwardo,m
kenyetta,f
kellie,f
ginny,f
irwin,m
elois,f
doloris,f
lahoma,f
evelina,f
jeanett,f
annabel,f
dorsey,m
willene,f
nery,f
willena,f
joelle,f
orval,m
joella,f
mahalia,f
evelynn,f
jaimee,f
shyla,f
ethelyn,f
marry,f
fernande,f
cherly,f
edmond,m
fredrick,m
fernanda,f
evelyne,f
theressa,f
evelyn,f
claribel,f
minna,f
nidia,f
zetta,f
fernando,m
ladawn,f
angie,f
chantal,f
lakesha,f
epifania,f
maximo,m
elvira,f
bettina,f
jamison,m
maxine,f
chantay,f
neta,f
demarcus,m
candance,f
johnna,f
galen,m
allie,f
hassie,f
velda,f
delores,f
latashia,f
astrid,f
dreama,f
reggie,m
marth,f
marti,f
maxima,f
belia,f
marta,f
mitzie,f
graig,m
mendy,f
kellee,f
karima,f
yoko,f
jenee,f
vickie,f
georgianna,f
fredericka,f
georgianne,f
carie,f
genna,f
carin,f
candace,f
constance,f
mohamed,m
jenny,f
genny,f
deidra,f
megan,f
judie,f
deidre,f
jenna,f
lettie,f
heather,f
karolyn,f
jenni,f
pamila,f
evia,f
lissa,f
aisha,f
tosha,f
evie,f
merlene,f
collette,f
claretta,f
leonila,f
josiah,m
ricardo,m
ashlea,f
chester,m
ashlee,f
ayako,f
belinda,f
tamesha,f
modesto,m
shaina,f
tamela,f
jaymie,f
mindy,f
bernice,f
enid,f
elvina,f
velia,f
priscilla,f
judith,f
brent,m
danyell,f
india,f
haywood,m
vince,m
estrella,f
delinda,f
donovan,m
minda,f
cleta,f
theron,m
kelsi,f
crystal,f
tameka,f
mitsuko,f
ora,f
modesta,f
marvis,f
belen,f
mindi,f
lourdes,f
melony,f
ola,f
colette,f
caren,f
thurman,m
cortez,m
grant,m
barabara,f
kyoko,f
sommer,f
valencia,f
tiffiny,f
luna,f
sanora,f
karisa,f
raylene,f
kymberly,f
eartha,f
deshawn,m
pauline,f
dalene,f
daniell,f
birdie,f
benito,m
daniela,f
leeanna,f
paulina,f
anamaria,f
flo,f
daniele,f
frida,f
leeanne,f
malissa,f
tammie,f
tiesha,f
chloe,f
elnora,f
benita,f
fran,f
shaunna,f
lulu,f
coletta,f
carisa,f
clay,m
tillie,f
erlinda,f
ona,f
rosio,f
brittney,f
rosie,f
gladis,f
luke,m
ricarda,f
terresa,f
louella,f
jeanelle,f
argelia,f
rosia,f
von,m
lula,f
kristopher,m
julieta,f
carita,f
rico,m
shandra,f
velma,f
earlie,f
oma,f
cherri,f
ayana,f
rick,m
tula,f
pandora,f
rich,m
jolynn,f
kyla,f
genesis,f
susanne,f
cherry,f
korey,m
steffanie,f
susanna,f
miquel,m
mitchel,m
particia,f
bessie,f
dolores,f
vella,f
arden,m
horacio,m
gilberte,f
barb,f
jannet,f
dorotha,f
ralph,m
lekisha,f
linda,f
yuri,f
maisha,f
pansy,f
bari,f
matha,f
dorothy,f
arnulfo,m
cassidy,f
leonore,f
lindy,f
kaye,f
isobel,f
sheryl,f
elinore,f
alec,m
leonora,f
xuan,f
tina,f
selene,f
fawn,f
edythe,f
carli,f
gordon,m
alyson,f
queen,f
artie,f
nathanael,m
carlo,m
malka,f
selena,f
victorina,f
joetta,f
concetta,f
alanna,f
joette,f
devona,f
jonelle,f
shanita,f
carla,f
beverley,f
ilana,f
anjanette,f
elizabeth,f
kacie,f
remedios,f
thersa,f
bart,m
gilberto,m
carly,f
lenard,m
meagan,f
shirly,f
kimberely,f
beverlee,f
maisie,f
mathilda,f
carma,f
kyra,f
mathilde,f
magdalen,f
nieves,f
kacey,f
xochitl,f
nydia,f
kati,f
robyn,f
ardis,f
kate,f
marquita,f
jesica,f
leisha,f
malik,m
lottie,f
katy,f
julietta,f
edmundo,m
tana,f
michelle,f
malia,f
debbra,f
juliette,f
duncan,m
wanita,f
lenita,f
bryant,m
kira,f
rosamond,f
tisha,f
marcela,f
shenna,f
madge,f
emmett,m
kerstin,f
georgeann,f
deonna,f
caron,f
alia,f
tama,f
yajaira,f
codi,f
alix,f
kirk,m
tami,f
jannie,f
malorie,f
mackenzie,f
hope,f
mervin,m
bill,m
roselyn,f
fatimah,f
winston,m
kari,f
alla,f
keisha,f
leonarda,f
kara,f
marcell,f
marcelo,m
racheal,f
idella,f
alma,f
lai,f
kary,f
salena,f
lan,f
corinna,f
devora,f
jaquelyn,f
leonardo,m
janeen,f
shawna,f
madie,f
kasi,f
april,f
ethan,m
marcene,f
corinne,f
bettye,f
lezlie,f
jessi,f
carina,f
timika,f
keneth,m
halina,f
ericka,f
alyssa,f
willard,m
elmira,f
jessika,f
armando,m
madeline,f
tari,f
kathey,f
carri,f
kasha,f
lavenia,f
bethany,f
sixta,f
cuc,f
bethann,f
armanda,f
oliver,m
jennifer,f
emogene,f
garth,m
larae,f
kum,f
carry,f
minnie,f
cordelia,f
cynthia,f
kasie,f
virgina,f
elvie,f
delphia,f
alysia,f
isiah,m
elvia,f
cherlyn,f
marquitta,f
cicely,f
nakesha,f
harvey,m
carlota,f
cecila,f
tara,f
elvis,m
kathryn,f
will,m
elvin,m
hazel,f
polly,f
tish,f
jutta,f
suzanne,f
melodi,f
cecile,f
tisa,f
suzanna,f
alysha,f
cheyenne,f
garry,m
conchita,f
josefa,f
marjorie,f
melody,f
gregg,m
cecily,f
laree,f
zofia,f
fritz,m
shantel,f
odette,f
jaunita,f
jeanice,f
leigha,f
grisel,f
verlene,f
ruthann,f
christal,f
maragaret,f
rossana,f
serafina,f
lanelle,f
annamarie,f
isidro,m
elodia,f
evette,f
bernard,m
annamaria,f
miranda,f
dominque,f
howard,m
loyce,f
kathie,f
latarsha,f
lidia,f
latina,f
asley,f
yuonne,f
alvina,f
sheryll,f
janell,f
winter,f
gwenn,f
markita,f
hollie,f
celine,f
dagny,f
neville,m
celina,f
jacinda,f
tiny,f
lydia,f
gilbert,m
jerrold,m
livia,f
sparkle,f
shantay,f
zonia,f
lynette,f
micaela,f
wilson,m
alexandra,f
dorethea,f
salvatore,m
latanya,f
marquetta,f
caryn,f
alta,f
vonnie,f
minta,f
lynetta,f
shantae,f
tianna,f
kym,f
caryl,f
faye,f
nickolas,m
isidra,f
diedre,f
aura,f
diedra,f
janene,f
teddy,m
jocelyn,f
darcey,f
hilario,m
hung,m
maynard,m
elaine,f
sabine,f
alona,f
gustavo,m
ivan,m
sabina,f
elaina,f
rosaria,f
ernestine,f
karol,f
karon,f
latrisha,f
ernestina,f
leslee,f
sunshine,f
jeannine,f
kiana,f
lon,m
allison,f
moriah,f
consuelo,f
edwina,f
margeret,f
junita,f
therese,f
hilaria,f
darcel,f
jill,f
theresa,f
chasity,f
sunday,f
valentin,m
yessenia,f
christin,f
cherelle,f
reyna,f
bertha,f
rochelle,f
analisa,f
laureen,f
millie,f
machelle,f
kimberli,f
audrea,f
damaris,f
consuela,f
jarred,m
brendon,m
kimberly,f
leida,f
ute,f
lakita,f
alfreda,f
myesha,f
margaret,f
christia,f
audrey,f
alfredo,m
leatha,f
christie,f
torri,f
carissa,f
donnette,f
dagmar,f
felicia,f
nobuko,f
jodee,f
dorthea,f
lieselotte,f
donnetta,f
kraig,m
coy,m
zulema,f
orlando,m
bertie,f
kaylee,f
chassidy,f
lue,f
ivey,f
kacy,f
karin,f
telma,f
rochell,f
leeann,f
ellan,f
rhea,f
mardell,f
nilda,f
miriam,f
darwin,m
verdie,f
dorthey,f
tamekia,f
evalyn,f
olivia,f
latesha,f
pamula,f
marlene,f
marlena,f
cori,f
kiesha,f
christen,f
aracely,f
karly,f
christel,f
tijuana,f
shawana,f
dorinda,f
karma,f
juliet,f
kaci,f
althea,f
alfonso,m
mirian,f
araceli,f
hester,f
jennell,f
karole,f
latricia,f
kelsey,f
nathalie,f
kathern,f
erwin,m
jeannie,f
thuy,f
julie,f
karla,f
julia,f
josphine,f
alvin,m
zandra,f
myles,m
malinda,f
jillian,f
cora,f
winford,m
berniece,f
shondra,f
shameka,f
raymonde,f
jarrod,m
candelaria,f
martine,f
lakiesha,f
bridgette,f
kelsie,f
harland,m
jodie,f
yuki,f
torie,f
reanna,f
huey,m
milton,m
martina,f
trevor,m
sheena,f
teofila,f
serita,f
syreeta,f
margaretta,f
marsha,f
margarette,f
mikaela,f
sonia,f
shirely,f
hugo,m
loretta,f
alfonzo,m
una,f
vinnie,f
lorette,f
hugh,m
tien,f
trey,m
deetta,f
mohammed,m
bonnie,f
leonia,f
karyn,f
sonja,f
leonie,f
elbert,m
delisa,f
duane,m
raven,f
karyl,f
julee,f
jules,m
tatyana,f
stephaine,f
geralyn,f
les,m
suzette,f
regan,f
len,m
mollie,f
janean,f
cristobal,m
elinor,f
lakeshia,f
ula,f
allyson,f
lea,f
hailey,f
nicol,f
hedwig,f
leila,f
ingeborg,f
debbie,f
lizeth,f
alan,m
nickie,f
jolie,f
cathie,f
kami,f
joannie,f
dwain,m
sena,f
darrell,m
leonor,f
karry,f
cole,m
casie,f
jacinto,m
laine,f
jinny,f
becky,f
providencia,f
almeda,f
chu,f
broderick,m
felton,m
gregoria,f
karri,f
sharell,f
elidia,f
jacinta,f
kali,f
tran,f
becki,f
delfina,f
meggan,f
cammie,f
junior,m
alba,f
sharonda,f
zula,f
yung,f
kala,f
season,f
graham,m
bailey,f
darcie,f
avelina,f
gregorio,m
melaine,f
annamae,f
ahmed,m
dustin,m
domenica,f
ferdinand,m
mohammad,m
sonny,m
hoyt,m
sondra,f
chasidy,f
marleen,f
youlanda,f
bobbye,f
laila,f
kandis,f
katherine,f
vernie,f
robbi,f
yuko,f
vernia,f
lin,f
jina,f
cathey,f
liz,f
aldo,m
katherina,f
piper,f
raleigh,m
adan,m
marybelle,f
shonta,f
veola,f
robby,m
nicki,f
lia,f
gemma,f
alda,f
adah,f
seymour,m
phylis,f
leilani,f
keenan,m
landon,m
jordon,m
stormy,f
stephenie,f
delila,f
liza,f
queenie,f
katina,f
priscila,f
mammie,f
francina,f
ermelinda,f
francine,f
amada,f
amie,f
joanie,f
stephany,f
annita,f
bettyann,f
margene,f
brenton,m
stephani,f
wilda,f
wilbert,m
petra,f
renaldo,m
kizzy,f
marlen,f
stephane,f
danny,m
ahmad,m
cathryn,f
juana,f
anderson,m
lacresha,f
azucena,f
mac,m
scot,m
alexa,f
delcie,f
chelsea,f
rufus,m
mai,f
marquerite,f
mae,f
melinda,f
chelsey,f
serina,f
shonna,f
danna,f
mao,f
arlie,m
macie,f
may,f
lincoln,m
max,m
napoleon,m
mercedez,f
karleen,f
geneva,f
hettie,f
mercedes,f
shenika,f
wanda,f
cleopatra,f
hortense,f
alissa,f
berta,f
catina,f
jacques,m
antoinette,f
lisbeth,f
christena,f
idell,f
christene,f
somer,f
jetta,f
selma,f
dante,m
jayme,f
arlen,m
cassy,f
desmond,m
anisha,f
beryl,f
leota,f
taina,f
senaida,f
oneida,f
margert,f
thomasina,f
thomasine,f
otilia,f
cassi,f
deborah,f
marcus,m
krystina,f
armand,m
trenton,m
mee,f
keven,m
meg,f
chelsie,f
veronika,f
felicitas,f
eda,f
tiera,f
amelia,f
felecia,f
isabella,f
leisa,f
gema,f
isabelle,f
mel,m
mei,f
arielle,f
dulcie,f
tyisha,f
corrina,f
alison,f
corrine,f
glory,f
felicidad,f
ramon,m
gayla,f
jayna,f
pedro,m
ardith,f
jenine,f
allegra,f
rhett,m
briana,f
jayne,f
nadia,f
venus,f
luz,f
pinkie,f
brittanie,f
alvaro,m
ellen,f
reena,f
terence,m
paola,f
arline,f
treva,f
jovan,f
lannie,f
dania,f
tyrone,m
gena,f
trisha,f
eboni,f
domonique,f
veronica,f
concha,f
karie,f
boyce,m
kathleen,f
reyes,m
mildred,f
vilma,f
wendell,m
jefferey,m
ebony,f
necole,f
karey,f
vicky,f
moshe,m
mauro,m
augustus,m
alfredia,f
freeda,f
odessa,f
terisa,f
kathrine,f
justa,f
maura,f
adina,f
joeann,f
thaddeus,m
yolonda,f
vicki,f
delicia,f
laurena,f
karen,f
rayford,m
kenton,m
harmony,f
ethyl,f
olga,f
laurene,f
blaine,m
mitsue,f
leatrice,f
hector,m
olen,m
kamilah,f
amos,m
sabrina,f
raquel,f
leora,f
clemencia,f
lara,f
kurtis,m
markus,m
dorla,f
issac,m
jestine,f
jenise,f
claudette,f
alisha,f
otis,m
fabian,m
gilda,f
ellie,f
tameika,f
larita,f
joanna,f
shonda,f
leoma,f
silvia,f
shizuko,f
brittaney,f
ismael,m
homer,m
lyn,f
joanne,f
alisia,f
cedric,m
geri,f
adrianna,f
kristyn,f
adrianne,f
kerrie,f
danial,m
savanna,f
leola,f
tresa,f
almeta,f
olinda,f
doreatha,f
santo,m
brooke,f
effie,f
fanny,f
danica,f
doris,f
burma,f
colton,m
denese,f
karan,f
jolyn,f
santa,f
brooks,m
zenobia,f
wilton,m
tashina,f
dorie,f
lita,f
berna,f
kamala,f
olin,m
edmund,m
audrie,f
verdell,f
jacqueline,f
penelope,f
audria,f
jade,f
doria,f
lakeesha,f
jada,f
chaya,f
larisa,f
terina,f
leona,f
amado,m
easter,f
leone,f
michell,f
moses,m
elizebeth,f
lise,f
krystyna,f
danyel,f
lisa,f
rachele,f
don,m
lisabeth,f
kaila,f
wyatt,m
dave,m
dot,f
trent,m
annice,f
randolph,m
humberto,m
norine,f
rocio,f
kathlene,f
lurline,f
rachell,f
gerard,m
rheba,f
alecia,f
tarah,f
trena,f
reatha,f
felicita,f
irina,f
williams,m
corrie,f
evita,f
delilah,f
roselee,f
heriberto,m
corrin,f
annalee,f
michele,f
ione,f
lilliam,f
lillian,f
iona,f
yadira,f
holly,f
josette,f
ouida,f
spring,f
holli,f
ceola,f
jerrell,m
odelia,f
lanette,f
stacie,f
holley,f
ellsworth,m
fredia,f
stacia,f
deeann,f
marisela,f
ressie,f
neida,f
fletcher,m
noriko,f
flora,f
bradley,m
cassondra,f
bibi,f
wallace,m
carlotta,f
brigitte,f
lavette,f
brad,m
tawnya,f
jessica,f
apryl,f
iola,f
dahlia,f
harry,m
lucinda,f
qiana,f
dara,f
irish,f
lala,f
isreal,m
mittie,f
lexie,f
tobias,m
harriett,f
marketta,f
ellamae,f
akiko,f
stasia,f
gilma,f
leighann,f
lorraine,f
alena,f
roselia,f
regenia,f
alene,f
shona,f
fredda,f
tinisha,f
janeth,f
tod,m
toi,f
rocky,m
lanell,f
arianne,f
kimbery,f
booker,m
raphael,m
jolene,f
joselyn,f
lana,f
arianna,f
janett,f
lang,f
freddy,m
vaughn,m
lani,f
roslyn,f
miguel,m
hiram,m
tom,m
danilo,m
rochel,f
ervin,m
madaline,f
scarlett,f
lilla,f
danika,f
mui,f
annika,f
eduardo,m
terrie,f
stacee,f
lynsey,f
lilli,f
ernie,m
bret,m
blanche,f
venessa,f
adolfo,m
kassandra,f
guillermina,f
bree,f
garfield,m
germaine,f
lilly,f
dane,m
regena,f
rhiannon,f
dann,f
amal,f
cathy,f
tim,m
dani,f
deneen,f
angelique,f
thu,f
ethel,f
willa,f
shella,f
tia,f
leann,f
larue,f
willodean,f
osvaldo,m
floyd,m
shelli,f
shala,f
esther,f
angila,f
eufemia,f
myung,f
shayla,f
meghan,f
dia,f
lizzette,f
arletta,f
wilma,f
lasonya,f
cathi,f
willy,m
arlette,f
fidela,f
exie,f
jacalyn,f
vivan,f
scotty,m
kina,f
lorrie,f
shila,f
king,m
otto,m
roselle,f
deb,f
karoline,f
albertha,f
rosella,f
salome,f
alline,f
ellyn,f
del,m
alesia,f
kristeen,f
shana,f
shenita,f
christinia,f
min,f
shani,f
dominick,m
murray,m
lionel,m
lavada,f
sheldon,m
anissa,f
shelly,f
dominica,f
yoshie,f
leana,f
shayna,f
darline,f
phyllis,f
brenna,f
princess,f
lemuel,m
margery,f
mia,f
rebeca,f
alesha,f
ciara,f
charise,f
cordie,f
jeromy,m
pete,m
shirl,f
woodrow,m
kenya,f
shira,f
marianna,f
cordia,f
charity,f
marianne,f
ted,m
maude,f
charita,f
nikia,f
treena,f
amee,f
randell,m
concepcion,f
martha,f
fidelia,f
franklyn,m
laurinda,f
diana,f
laci,f
kimi,f
lasandra,f
kemberly,f
johnetta,f
adrien,f
diann,f
christeen,f
jerome,m
nakia,f
taren,f
diane,f
santiago,m
johnette,f
davis,m
lolita,f
joleen,f
garnett,f
jerold,m
rocco,m
danita,f
jacquie,f
nikki,f
shara,f
adolph,m
wiley,m
cathleen,f
sandi,f
sigrid,f
phillis,f
phillip,m
sanda,f
aurore,f
ambrose,m
tabetha,f
aurora,f
jackqueline,f
joesph,m
shari,f
lael,f
bertram,m
thi,f
leanna,f
aleta,f
mistie,f
verona,f
leanne,f
kathlyn,f
lady,f
summer,f
cleora,f
nanette,f
anthony,m
scott,m
